Workbook

Sheet Intervenciones
A1: Intervenciones propuestas · P2R × MGT
A2: Una fila por intervención, con los campos en el orden del formulario «Nueva intervención». Responsable: lo trae la palanca. Confianza: EST. Las fechas siguen el plan de despliegue 2027–2028.
A4: ID | B4: Palanca origen | C4: Hallazgos que cura | D4: De qué es este trabajo | E4: Nombre | F4: Qué hay que hacer | G4: Cambia tareas del flujo | H4: Cajas del flujo → qué le pasa | I4: Qué queremos cambiar (para el comité) | J4: Cobertura objetivo % | K4: Excepción humana objetivo % | L4: Resultado esperado | M4: Criterio de éxito | N4: Empieza | O4: Termina (go-live) | P4: Confianza | Q4: Depende de | R4: Lo que falta decidir | S4: Detalle del maestro
A5: 01.1 | B5: P2R-01 · Gestión de la demanda | C5: HT-P2R-01 | D5: Negocio | E5: Previsión de papel de Ondupack por ciclo | F5: Acordar con Ondupack que, en cada ciclo, envíe la previsión de papel de los ciclos siguientes por calidad y ancho, además del pedido firme 10 días antes. Es la otra mitad de la intervención «Previsión de papel compartida con MGT/PDA» de Ondupack. | G5: No | L5: MGT planifica sus ciclos con lo que va a pedir Ondupack, no solo con lo que ya ha pedido. | M5: Previsión recibida en el 100 % de los ciclos y desviación pedido–previsión < 15 %. | N5: 46664 | O5: 46738 | P5: EST | R5: Horizonte de la previsión (2–3 ciclos) · formato | S5: D-PL13
A6: 01.2 | B6: P2R-01 · Gestión de la demanda | C6: HT-P2R-01 | D6: Negocio | E6: Previsión de los clientes externos repetitivos | F6: Identificar con Comercial los clientes externos con consumo repetitivo y acordar con ellos una previsión no vinculante por calidad y ancho, revisada en cada ciclo. | G6: No | L6: La demanda externa repetitiva entra en el ciclo antes de que llegue el pedido. | M6: Previsión de ≥ 60 % del volumen externo repetitivo en cada ciclo. | N6: 46693 | O6: 46783 | P6: EST | R6: Criterio de cliente repetitivo · quién la recoge (Comercial o Joan Carles) | S6: D-PL03
A7: 01.3 | B7: P2R-01 · Gestión de la demanda | C7: HT-P2R-01 | D7: Negocio | E7: Registro de las ventas perdidas | F7: Definir qué es una venta perdida (pedido rechazado, cantidad reducida o fecha no aceptada por capacidad) y registrarla con su motivo. Se captura en Salesforce, que es O2C; aquí se usa. | G7: No | L7: Se sabe cuánta demanda se pierde y por qué. | M7: 100 % de los pedidos rechazados o reducidos con motivo. | N7: 46664 | O7: 46721 | P7: EST | S7: D-PL04
A8: 01.4 | B8: P2R-01 · Gestión de la demanda | C8: HT-P2R-01 | D8: Automatización | E8: Previsión del ciclo cargada en GIO | F8: La previsión de Ondupack y de los clientes repetitivos se carga en GIO para que la planificación del ciclo use cartera más previsión; cada pedido que llega consume previsión. | G8: Sí | H8: Previsión del próximo ciclo → Nueva tarea Ciclo de producción de las 4 calidades → Se simplifica | I8: Nueva tarea de previsión en Demanda; el ciclo de las 4 calidades se planifica con cartera más previsión. | J8: 1 | K8: 0.1 | L8: El ciclo deja de planificarse solo con la cartera. | M8: Ciclos planificados con cartera y previsión desde marzo de 2028. | N8: 46722 | O8: 46808 | P8: EST | Q8: Previsión de papel de Ondupack por ciclo · Previsión de los clientes externos repetitivos | S8: D-PL01
A9: 01.5 | B9: P2R-01 · Gestión de la demanda | C9: HT-P2R-01 | D9: Agente | E9: Agente de previsión por calidad y ancho | F9: Propone la previsión de los próximos ciclos por calidad y ancho a partir de la previsión de Ondupack, el histórico de pedidos y las ventas perdidas. Planificación la valida. | G9: Sí | H9: Previsión del próximo ciclo → Se simplifica | I9: La previsión de cada ciclo la prepara un agente; Planificación revisa las excepciones. | J9: 0.8 | K9: 0.2 | L9: La previsión de cada ciclo sale preparada y Planificación solo revisa las excepciones. | M9: Precisión ≥ 80 % por calidad y ≥ 80 % de las líneas sin ajuste manual. | N9: 46905 | O9: 47109 | P9: EST | Q9: Previsión del ciclo cargada en GIO · Registro de las ventas perdidas (6 meses) | S9: D-PL01
A10: 02.1 | B10: P2R-02 · S&OP y plan de capacidad | C10: HT-P2R-03 | D10: Negocio | E10: Política de llenado de capacidad | F10: Decidir con Dirección qué se fabrica cuando sobra capacidad (referencias repetitivas con mínimo y máximo, sobre todo las de Ondupack) y cuándo compensa parar, comparando el coste de parada con el coste del stock. Sustituye a la regla de «3 turnos siempre». | G10: No | L10: El stock que se genera para llenar la máquina es una decisión económica, no una consecuencia. | M10: Política aprobada y € de stock sin pedido dentro del límite acordado. | N10: 46664 | O10: 46738 | P10: EST | R10: Coste de parada frente a coste de stock · referencias con las que se llena | S10: D-PL06
A11: 02.2 | B11: P2R-02 · S&OP y plan de capacidad | C11: HT-P2R-03 | D11: Negocio | E11: Revisión mensual de capacidad y ciclos | F11: Reunión mensual de Joan Carles con Comercial (Albert) y Dirección: carga frente a capacidad de los próximos ciclos, duración de cada calidad y pedidos que no caben. | G11: No | L11: Los pedidos que no caben se ven y se hablan con el cliente antes de lanzar el ciclo. | M11: Decisión de ciclos documentada cada mes y 0 pedidos sin capacidad detectados después de lanzar el ciclo. | N11: 46693 | O11: 46783 | P11: EST | Q11: Política de llenado de capacidad | S11: D-PL06
A12: 02.3 | B12: P2R-02 · S&OP y plan de capacidad | C12: HT-P2R-03 | D12: Automatización | E12: Carga a capacidad finita por ciclo | F12: GIO carga los pedidos a capacidad finita por ciclo y calidad y marca los que no caben al entrar, en lugar de cargar a capacidad infinita y revisarlos después. | G12: Sí | H12: Carga a capacidad infinita · 3 turnos a velocidad máxima → Se simplifica ¿Pedidos sin capacidad para su fecha? → La hace el sistema | I12: La carga se hace a capacidad finita y el sistema marca solo los pedidos que no caben. | J12: 1 | K12: 0.15 | L12: Se sabe al entrar el pedido si cabe en el ciclo. | M12: 100 % de los pedidos sin capacidad marcados al entrar. | N12: 46722 | O12: 46843 | P12: EST | Q12: Política de llenado de capacidad | S12: D-PL07
A13: 02.4 | B13: P2R-02 · S&OP y plan de capacidad | C13: HT-P2R-03 | D13: Automatización | E13: Propuesta de duración de los ciclos por calidad | F13: El sistema propone la duración de cada calidad en el próximo ciclo a partir de la cartera y la previsión. Joan Carles la ajusta. | G13: Sí | H13: Duración por calidad (temporales) → La hace el sistema | I13: La duración de cada calidad la propone el sistema; el planificador la ajusta. | J13: 1 | K13: 0.2 | L13: La duración de cada calidad deja de decidirse sobre la marcha. | M13: Propuesta aceptada sin cambios en ≥ 80 % de los ciclos. | N13: 46755 | O13: 46843 | P13: EST | Q13: Previsión del ciclo cargada en GIO | S13: D-PL12
A14: 02.5 | B14: P2R-02 · S&OP y plan de capacidad | C14: HT-P2R-03 | D14: Agente | E14: Agente de escenarios de ciclo | F14: Simula alternativas de duración y orden de las calidades, paradas y stock, y propone el ciclo con su impacto en coste y servicio. Planificación lo aprueba en la revisión mensual. | G14: Sí | H14: Ciclo de producción de las 4 calidades → Se simplifica | I14: El ciclo de las 4 calidades lo propone un agente con escenarios valorados; Planificación decide. | J14: 0.7 | K14: 0.3 | L14: Cada ciclo llega con un plan propuesto y valorado. | M14: ≥ 70 % de los planes aprobados sin rehacer. | N14: 46905 | O14: 47109 | P14: EST | Q14: Carga a capacidad finita · Propuesta de duración de los ciclos | S14: D-PL07
A15: 03.1 | B15: P2R-03 · Política de inventario por segmento | C15: HT-P2R-04 | D15: Negocio | E15: Pull system con Ondupack | F15: Definir con Ondupack qué referencias se reponen por pull, con un mínimo y un máximo en MGT. Ondupack retira cada día de ese stock y MGT lo repone al combinar sus ciclos. | G15: No | L15: El stock de Ondupack en MGT tiene límites y deja de crecer sin control. | M15: Referencias pull con mínimo y máximo aprobados y stock intercompany dentro del máximo. | N15: 46664 | O15: 46738 | P15: EST | R15: Referencias, mínimos y máximos · de quién es el stock | S15: D-PL09, D-PL13
A16: 03.2 | B16: P2R-03 · Política de inventario por segmento | C16: HT-P2R-04 | D16: Negocio | E16: Ajuste del pedido intercompany a lo fabricado | F16: Cuando se fabrica más que el pedido de Ondupack dentro de una tolerancia, el pedido se modifica para que se lleve todo lo fabricado. La modificación se hace en O2C. | G16: No | L16: Lo fabricado de más deja de quedarse en el almacén de MGT. | M16: 0 excedentes de pedidos intercompany sin asignar a más de 30 días. | N16: 46664 | O16: 46721 | P16: EST | R16: Tolerancia de sobrefabricación | S16: D-PL09
A17: 03.3 | B17: P2R-03 · Política de inventario por segmento | C17: HT-P2R-04 | D17: Automatización | E17: Reposición automática por mínimo y máximo | F17: GIO genera la necesidad de reposición de las referencias pull cuando el stock baja del mínimo, y la mete en la cartera del próximo ciclo. | G17: Sí | H17: Propuesta de fabricación de PT por pedido → Se simplifica | I17: Además de por pedido, el sistema propone fabricar para reponer las referencias pull. | J17: 1 | K17: 0.1 | L17: La reposición de las referencias pull no depende de un pedido manual. | M17: 100 % de las roturas de mínimo con reposición en el siguiente ciclo. | N17: 46755 | O17: 46843 | P17: EST | Q17: Pull system con Ondupack | S17: D-PL09
A18: 03.4 | B18: P2R-03 · Política de inventario por segmento | C18: HT-P2R-04 | D18: Agente | E18: Agente de stock intercompany | F18: Cada mes revisa la cobertura de las referencias de Ondupack en MGT, propone ajustar mínimos y máximos y avisa del stock que se queda sin salida. | G18: Sí | H18: Revisión mensual del stock intercompany → Nueva tarea | I18: Nueva tarea mensual en S&OP y Plan Maestro: un agente revisa el stock intercompany y propone ajustes. | J18: 0.8 | K18: 0.2 | L18: El stock intercompany se ajusta antes de que envejezca. | M18: € de stock intercompany −20 % en 6 meses sin roturas en referencias pull. | N18: 46905 | O18: 47109 | P18: EST | Q18: Reposición automática por mínimo y máximo | S18: D-PL09
A19: 04.1 | B19: P2R-04 · Promesa de fecha fiable | C19: HT-P2R-05 | D19: Negocio | E19: Fecha confirmada por Planificación | F19: Cada pedido externo recibe una fecha confirmada por Planificación en un plazo fijo, distinta de la solicitada. Los pedidos de Ondupack llevan una fecha firme por ciclo, y cambiarla dentro del ciclo requiere acuerdo. | G19: No | L19: Las fechas de los pedidos, también las de Ondupack, son fechas que se pueden cumplir. | M19: ≥ 90 % de los pedidos con fecha confirmada en plazo. | N19: 46664 | O19: 46721 | P19: EST | R19: Plazo de confirmación · reglas de cambio para Ondupack | S19: D-PL11
A20: 04.2 | B20: P2R-04 · Promesa de fecha fiable | C20: HT-P2R-05 | D20: Automatización | E20: Propuesta de fecha con la capacidad libre del ciclo | F20: Al entrar el pedido, el sistema propone la primera fecha posible según el ciclo de su calidad y la capacidad libre. Es el CTP que ya usa Ondupack en GIO, adaptado a ciclos de papel. | G20: Sí | H20: Revisar capacidad para la fecha pedida → La hace el sistema | I20: La fecha la propone el sistema con la capacidad del ciclo, como ya se hace en Ondupack. | J20: 0.85 | K20: 0.15 | L20: La fecha se propone con datos en lugar de revisarse a mano. | M20: ≥ 85 % de las fechas propuestas aceptadas sin cambios. | N20: 46784 | O20: 46904 | P20: EST | Q20: Carga a capacidad finita por ciclo | S20: D-PL10
A21: 04.3 | B21: P2R-04 · Promesa de fecha fiable | C21: HT-P2R-05 | D21: Consulta | E21: Copiloto de plazos para Comercial | F21: Comercial pregunta «¿cuándo sale la próxima tirada de esta calidad y ancho?» y el copiloto responde con el plan de ciclos y la capacidad libre, sin llamar a Planificación. | G21: Sí | H21: Revisar capacidad para la fecha pedida → Se simplifica | I21: Las consultas de plazo se resuelven con un copiloto. | J21: 0.8 | K21: 0.2 | L21: Comercial resuelve sola las consultas de plazo. | M21: −60 % de consultas de plazo a Planificación. | N21: 46905 | O21: 47025 | P21: EST | Q21: Propuesta de fecha con la capacidad libre del ciclo | S21: D-PL25
A22: 05.1 | B22: P2R-05 · Planificación de materiales por excepción | C22: HT-P2R-07 | D22: Negocio | E22: Planificación de la bobina madre | F22: Levantar y documentar cómo se planifica hoy la bobina madre por gramaje y calidad, quién lo hace y con qué dato. | G22: No | L22: La planificación del semielaborado deja de ser una caja negra. | M22: Proceso documentado y con responsable. | N22: 46664 | O22: 46689 | P22: EST | R22: Quién planifica la bobina madre | S22: D-PL17
A23: 05.2 | B23: P2R-05 · Planificación de materiales por excepción | C23: HT-P2R-07 | D23: Negocio | E23: Entradas de báscula registradas en el momento | F23: Asignar quién registra en el sistema cada entrada de báscula en el momento, para que el consumo no llegue antes que la entrada y el stock no se descuadre. El registro es del proceso de inventario; aquí se usa. | G23: No | L23: El stock de auxiliares y materias primas es fiable sin cuadrarlo dos veces al mes. | M23: Diferencias de stock < 2 % sin cuadre manual. | N23: 46664 | O23: 46721 | P23: EST | S23: Proceso de inventario y almacén
A24: 05.3 | B24: P2R-05 · Planificación de materiales por excepción | C24: HT-P2R-07 | D24: Automatización | E24: MRP de materias primas en SAP | F24: Pasar el MRP de materias primas del Excel a SAP, como ya se hace con los auxiliares, alimentado con el plan de ciclos y con lead time, lote mínimo y stock de seguridad completos. | G24: Sí | H24: MRP de materias primas en Excel → La hace el sistema | I24: El MRP de materias primas lo calcula SAP con el plan de ciclos; desaparece el Excel. | J24: 0.95 | K24: 0.05 | L24: Las necesidades de materias primas salen del sistema y no de una hoja personal. | M24: 100 % de las materias primas planificadas en SAP. | N24: 46722 | O24: 46843 | P24: EST | Q24: Entradas de báscula registradas en el momento | S24: D-PL15, D-PL16
A25: 05.4 | B25: P2R-05 · Planificación de materiales por excepción | C25: HT-P2R-07 | D25: Agente | E25: Agente de compras de materiales | F25: Revisa cada día los mensajes del MRP, propone las solicitudes de compra y avisa cuando el consumo se separa del plan. Marta Boyo y Joan Carles aprueban; el pedido sigue en P2P. | G25: Sí | H25: Solicitud de compra y pedido → Se simplifica | I25: Las solicitudes de compra las prepara un agente a partir del MRP; las personas aprueban. | J25: 0.8 | K25: 0.2 | L25: Las solicitudes de compra salen preparadas y solo se revisan las excepciones. | M25: ≥ 80 % de las solicitudes propuestas aceptadas sin cambios. | N25: 46905 | O25: 47109 | P25: EST | Q25: MRP de materias primas en SAP | S25: D-PL14
A26: 06.1 | B26: P2R-06 · Programación estable y optimizada | C26: HT-P2R-08, HT-P2R-09 | D26: Automatización | E26: Cierre de SIGPA (algoritmo de combinación) | F26: Cerrar las pruebas del algoritmo de combinación en MGT y PDA, como ya prevé el plan de sistemas. | G26: Sí | H26: Algoritmo de combinación por ciclos → Se simplifica | I26: El algoritmo de combinación queda validado para usarse en cada ciclo. | J26: 0.8 | K26: 0.2 | L26: El algoritmo está validado y se puede usar como herramienta estándar. | M26: Pruebas cerradas y algoritmo en producción. | N26: 46398 | O26: 46477 | P26: EST | S26: D-PL18
A27: 06.2 | B27: P2R-06 · Programación estable y optimizada | C27: HT-P2R-08, HT-P2R-09 | D27: Automatización | E27: Algoritmo con lo ya fabricado y fecha límite de cartera | F27: El algoritmo tiene en cuenta lo ya fabricado y el stock pull, y una fecha límite de cartera por ciclo. Su salida pasa a ser el estándar y la agrupación manual por calidad y ancho desaparece. | G27: Sí | H27: Algoritmo de combinación por ciclos → Se simplifica Agrupar por calidad y ancho → Desaparece | I27: La combinación la hace el algoritmo con lo ya fabricado; la agrupación manual desaparece. | J27: 0.9 | K27: 0.1 | L27: La combinación sale del algoritmo y no de una agrupación manual. | M27: ≥ 90 % de los ciclos con la combinación del algoritmo y merma de recorte a la baja. | N27: 46693 | O27: 46808 | P27: EST | Q27: Cierre de SIGPA · Pull system con Ondupack | S27: D-PL18, D-PL19
A28: 06.3 | B28: P2R-06 · Programación estable y optimizada | C28: HT-P2R-08, HT-P2R-09 | D28: Negocio | E28: Zona congelada del ciclo y reglas de urgencia | F28: Fijar la fecha límite de cartera de cada ciclo (para Ondupack ya son 10 días) y una zona congelada. Definir qué es una urgencia, también la de Ondupack fuera de plazo, y quién decide. | G28: No | L28: Las urgencias entran al ciclo con reglas conocidas. | M28: ≤ 2 urgencias por ciclo dentro de la zona congelada y todas aprobadas. | N28: 46664 | O28: 46721 | P28: EST | R28: Días de la zona congelada · quién decide las urgencias | S28: D-PL08, D-PL20
A29: 06.4 | B29: P2R-06 · Programación estable y optimizada | C29: HT-P2R-08, HT-P2R-09 | D29: Automatización | E29: Alertas de planificación | F29: El sistema avisa de los pedidos en riesgo, del impacto de una urgencia en el ciclo y de los cambios dentro de la zona congelada. Hoy no hay ninguna alerta. | G29: Sí | H29: Encajar la urgencia a mano → Se simplifica | I29: El sistema avisa del impacto de cada urgencia; el planificador decide con esa información. | J29: 1 | K29: 0.2 | L29: Las urgencias y los riesgos se ven sin revisar el plan a mano. | M29: ≥ 80 % de los atrasos avisados antes de la fecha. | N29: 46755 | O29: 46843 | P29: EST | Q29: Zona congelada del ciclo y reglas de urgencia | S29: D-PL23
A30: 06.5 | B30: P2R-06 · Programación estable y optimizada | C30: HT-P2R-08, HT-P2R-09 | D30: Agente | E30: Agente de urgencias | F30: Ante una urgencia, comprueba si cabe en el ciclo y qué pedidos y combinaciones se ven afectados, aplica las reglas y propone la decisión. Si hay conflicto, la escala con el impacto calculado. | G30: Sí | H30: Encajar la urgencia a mano → Se simplifica | I30: Las urgencias las evalúa un agente; solo los conflictos llegan a Comercial. | J30: 0.75 | K30: 0.25 | L30: Cada urgencia se decide con su impacto delante. | M30: 100 % de las urgencias con impacto calculado. | N30: 46905 | O30: 47109 | P30: EST | Q30: Alertas de planificación | S30: D-PL20
A31: 07.1 | B31: P2R-07 · Liberación controlada | C31: HT-P2R-10 | D31: Negocio | E31: Criterio de liberación | F31: Definir qué tiene que estar disponible para liberar una orden (materias primas, auxiliares y bobina madre) y que la orden llegue a producción en formato digital. | G31: No | L31: Se libera con un criterio conocido y no según quién lo compruebe. | M31: Criterio publicado y aplicado al 100 % de las órdenes. | N31: 46664 | O31: 46721 | P31: EST | S31: D-PL22
A32: 07.2 | B32: P2R-07 · Liberación controlada | C32: HT-P2R-10 | D32: Automatización | E32: Disponibilidad de material por orden | F32: El sistema muestra en cada orden si el material está y cuándo llega, a partir del MRP y de los pedidos de compra. Sustituye la comprobación manual en varios sitios. | G32: Sí | H32: Comprobar a mano que hay material → La hace el sistema ¿Material disponible? → La hace el sistema Seguir la llegada del material → Se simplifica | I32: La disponibilidad de material por orden la calcula el sistema; el seguimiento de llegadas se simplifica. | J32: 1 | K32: 0.1 | L32: El planificador ve en una pantalla qué órdenes puede liberar. | M32: Comprobación manual eliminada y 0 órdenes liberadas sin material. | N32: 46755 | O32: 46871 | P32: EST | Q32: MRP de materias primas en SAP | S32: D-PL22
A33: 07.3 | B33: P2R-07 · Liberación controlada | C33: HT-P2R-10 | D33: Automatización | E33: Orden digital a producción | F33: La orden liberada llega a producción en pantalla, desde GIO, en lugar de imprimirse en papel. | G33: Sí | H33: Liberar e imprimir la orden → Se simplifica | I33: La orden se libera en digital; desaparece la impresión en papel. | J33: 1 | K33: 0.05 | L33: Producción trabaja con la orden vigente y los cambios se ven al momento. | M33: 0 órdenes en papel. | N33: 46722 | O33: 46808 | P33: EST | R33: Pantalla en línea o tablet · qué ve producción | S33: D-PL22
A34: 08.1 | B34: P2R-08 · Control del servicio y mejora continua | C34: HT-P2R-11, HT-P2R-12 | D34: Negocio | E34: Pilar de servicio semanal | F34: Reunión semanal fija entre MGT, Ondupack y Comercial: servicio, pedidos pendientes, atrasos y sus causas, y restos de pedidos antiguos por cerrar. | G34: No | L34: Las incidencias se revisan con un día fijo y cada causa sale con una acción. | M34: Reunión celebrada el 100 % de las semanas y cada causa principal con acción. | N34: 46664 | O34: 46721 | P34: EST | Q34: KPI de servicio | S34: D-PL24
A35: 08.2 | B35: P2R-08 · Control del servicio y mejora continua | C35: HT-P2R-11, HT-P2R-12 | D35: Negocio | E35: KPI de servicio | F35: Definir el OTIF contra fecha confirmada para clientes externos y para Ondupack, y publicarlo cada semana. | G35: No | L35: Se sabe qué % del servicio se cumple, también hacia el grupo. | M35: KPI publicado cada semana desde diciembre de 2027. | N35: 46664 | O35: 46721 | P35: EST | Q35: Fecha confirmada por Planificación | R35: Objetivo de OTIF externo e intercompany | S35: D-PL23
A36: 08.3 | B36: P2R-08 · Control del servicio y mejora continua | C36: HT-P2R-11, HT-P2R-12 | D36: Automatización | E36: Visibilidad de stock y cargas para Ondupack | F36: Ondupack ve en línea el stock de MGT y la producción prevista, y pide las cargas desde ahí, en lugar de los unos 16 correos diarios. La carga la sigue ejecutando T2D. | G36: Sí | H36: Enviar el stock a Ondupack cada día → Desaparece Ondupack decide qué se carga al día siguiente → Se simplifica | I36: Ondupack consulta el stock y pide las cargas en línea; desaparece el envío diario de stock por correo. | J36: 1 | K36: 0.1 | L36: La coordinación diaria de entregas deja de hacerse por correo. | M36: −80 % de correos de coordinación de entregas. | N36: 46755 | O36: 46843 | P36: EST | Q36: Pull system con Ondupack | S36: D-PL13
A37: 08.4 | B37: P2R-08 · Control del servicio y mejora continua | C37: HT-P2R-11, HT-P2R-12 | D37: Automatización | E37: Cuadro de mando de servicio | F37: OTIF, atrasos y pedidos en riesgo se calculan solos cada día, para externos y para Ondupack. | G37: Sí | H37: Revisar incidencias por llamada → La hace el sistema | I37: El seguimiento de incidencias lo hace el sistema y avisa antes del atraso. | J37: 1 | K37: 0.15 | L37: Los atrasos se ven antes de que llegue la llamada. | M37: Cuadro de mando diario sin trabajo manual. | N37: 46755 | O37: 46843 | P37: EST | Q37: KPI de servicio | S37: D-PL23
A38: 08.5 | B38: P2R-08 · Control del servicio y mejora continua | C38: HT-P2R-11, HT-P2R-12 | D38: Agente | E38: Agente de coordinación de cargas con Ondupack | F38: Lee las peticiones de Ondupack, comprueba stock y plan, y propone la carga del día siguiente dentro del mínimo y máximo acordados. Joan Carles aprueba. | G38: Sí | H38: Ondupack decide qué se carga al día siguiente → Se simplifica | I38: Las cargas diarias a Ondupack las prepara un agente; Planificación las aprueba. | J38: 0.8 | K38: 0.2 | L38: La coordinación diaria con Ondupack sale preparada y solo se revisan las excepciones. | M38: ≥ 80 % de las cargas propuestas aceptadas sin cambios. | N38: 46905 | O38: 47109 | P38: EST | Q38: Visibilidad de stock y cargas para Ondupack | S38: D-PL13

Sheet Por palanca
A1: Resumen por palanca
A2: Se recalcula al cambiar la hoja Intervenciones.
A4: Palanca | B4: Nombre | C4: Hallazgos | D4: Intervenciones | E4: Negocio | F4: Automatización | G4: Agente | H4: Consulta | I4: Empieza | J4: Último go-live
A5: P2R-01 | B5: Gestión de la demanda | C5: HT-P2R-01 | D5: =COUNTIF(Intervenciones!$B$5:$B$38,"P2R-01 · Gestión de la demanda") -> 5 | E5: =COUNTIFS(Intervenciones!$B$5:$B$38,"P2R-01 · Gestión de la demanda",Intervenciones!$D$5:$D$38,"Negocio") -> 3 | F5: =COUNTIFS(Intervenciones!$B$5:$B$38,"P2R-01 · Gestión de la demanda",Intervenciones!$D$5:$D$38,"Automatización") -> 1 | G5: =COUNTIFS(Intervenciones!$B$5:$B$38,"P2R-01 · Gestión de la demanda",Intervenciones!$D$5:$D$38,"Agente") -> 1 | H5: =COUNTIFS(Intervenciones!$B$5:$B$38,"P2R-01 · Gestión de la demanda",Intervenciones!$D$5:$D$38,"Consulta") -> 0 | I5: =_xlfn.MINIFS(Intervenciones!$N$5:$N$38,Intervenciones!$B$5:$B$38,"P2R-01 · Gestión de la demanda") -> 46664 | J5: =_xlfn.MAXIFS(Intervenciones!$O$5:$O$38,Intervenciones!$B$5:$B$38,"P2R-01 · Gestión de la demanda") -> 47109
A6: P2R-02 | B6: S&OP y plan de capacidad | C6: HT-P2R-03 | D6: =COUNTIF(Intervenciones!$B$5:$B$38,"P2R-02 · S&OP y plan de capacidad") -> 5 | E6: =COUNTIFS(Intervenciones!$B$5:$B$38,"P2R-02 · S&OP y plan de capacidad",Intervenciones!$D$5:$D$38,"Negocio") -> 2 | F6: =COUNTIFS(Intervenciones!$B$5:$B$38,"P2R-02 · S&OP y plan de capacidad",Intervenciones!$D$5:$D$38,"Automatización") -> 2 | G6: =COUNTIFS(Intervenciones!$B$5:$B$38,"P2R-02 · S&OP y plan de capacidad",Intervenciones!$D$5:$D$38,"Agente") -> 1 | H6: =COUNTIFS(Intervenciones!$B$5:$B$38,"P2R-02 · S&OP y plan de capacidad",Intervenciones!$D$5:$D$38,"Consulta") -> 0 | I6: =_xlfn.MINIFS(Intervenciones!$N$5:$N$38,Intervenciones!$B$5:$B$38,"P2R-02 · S&OP y plan de capacidad") -> 46664 | J6: =_xlfn.MAXIFS(Intervenciones!$O$5:$O$38,Intervenciones!$B$5:$B$38,"P2R-02 · S&OP y plan de capacidad") -> 47109
A7: P2R-03 | B7: Política de inventario por segmento | C7: HT-P2R-04 | D7: =COUNTIF(Intervenciones!$B$5:$B$38,"P2R-03 · Política de inventario por segmento") -> 4 | E7: =COUNTIFS(Intervenciones!$B$5:$B$38,"P2R-03 · Política de inventario por segmento",Intervenciones!$D$5:$D$38,"Negocio") -> 2 | F7: =COUNTIFS(Intervenciones!$B$5:$B$38,"P2R-03 · Política de inventario por segmento",Intervenciones!$D$5:$D$38,"Automatización") -> 1 | G7: =COUNTIFS(Intervenciones!$B$5:$B$38,"P2R-03 · Política de inventario por segmento",Intervenciones!$D$5:$D$38,"Agente") -> 1 | H7: =COUNTIFS(Intervenciones!$B$5:$B$38,"P2R-03 · Política de inventario por segmento",Intervenciones!$D$5:$D$38,"Consulta") -> 0 | I7: =_xlfn.MINIFS(Intervenciones!$N$5:$N$38,Intervenciones!$B$5:$B$38,"P2R-03 · Política de inventario por segmento") -> 46664 | J7: =_xlfn.MAXIFS(Intervenciones!$O$5:$O$38,Intervenciones!$B$5:$B$38,"P2R-03 · Política de inventario por segmento") -> 47109
A8: P2R-04 | B8: Promesa de fecha fiable | C8: HT-P2R-05 | D8: =COUNTIF(Intervenciones!$B$5:$B$38,"P2R-04 · Promesa de fecha fiable") -> 3 | E8: =COUNTIFS(Intervenciones!$B$5:$B$38,"P2R-04 · Promesa de fecha fiable",Intervenciones!$D$5:$D$38,"Negocio") -> 1 | F8: =COUNTIFS(Intervenciones!$B$5:$B$38,"P2R-04 · Promesa de fecha fiable",Intervenciones!$D$5:$D$38,"Automatización") -> 1 | G8: =COUNTIFS(Intervenciones!$B$5:$B$38,"P2R-04 · Promesa de fecha fiable",Intervenciones!$D$5:$D$38,"Agente") -> 0 | H8: =COUNTIFS(Intervenciones!$B$5:$B$38,"P2R-04 · Promesa de fecha fiable",Intervenciones!$D$5:$D$38,"Consulta") -> 1 | I8: =_xlfn.MINIFS(Intervenciones!$N$5:$N$38,Intervenciones!$B$5:$B$38,"P2R-04 · Promesa de fecha fiable") -> 46664 | J8: =_xlfn.MAXIFS(Intervenciones!$O$5:$O$38,Intervenciones!$B$5:$B$38,"P2R-04 · Promesa de fecha fiable") -> 47025
A9: P2R-05 | B9: Planificación de materiales por excepción | C9: HT-P2R-07 | D9: =COUNTIF(Intervenciones!$B$5:$B$38,"P2R-05 · Planificación de materiales por excepción") -> 4 | E9: =COUNTIFS(Intervenciones!$B$5:$B$38,"P2R-05 · Planificación de materiales por excepción",Intervenciones!$D$5:$D$38,"Negocio") -> 2 | F9: =COUNTIFS(Intervenciones!$B$5:$B$38,"P2R-05 · Planificación de materiales por excepción",Intervenciones!$D$5:$D$38,"Automatización") -> 1 | G9: =COUNTIFS(Intervenciones!$B$5:$B$38,"P2R-05 · Planificación de materiales por excepción",Intervenciones!$D$5:$D$38,"Agente") -> 1 | H9: =COUNTIFS(Intervenciones!$B$5:$B$38,"P2R-05 · Planificación de materiales por excepción",Intervenciones!$D$5:$D$38,"Consulta") -> 0 | I9: =_xlfn.MINIFS(Intervenciones!$N$5:$N$38,Intervenciones!$B$5:$B$38,"P2R-05 · Planificación de materiales por excepción") -> 46664 | J9: =_xlfn.MAXIFS(Intervenciones!$O$5:$O$38,Intervenciones!$B$5:$B$38,"P2R-05 · Planificación de materiales por excepción") -> 47109
A10: P2R-06 | B10: Programación estable y optimizada | C10: HT-P2R-08, HT-P2R-09 | D10: =COUNTIF(Intervenciones!$B$5:$B$38,"P2R-06 · Programación estable y optimizada") -> 5 | E10: =COUNTIFS(Intervenciones!$B$5:$B$38,"P2R-06 · Programación estable y optimizada",Intervenciones!$D$5:$D$38,"Negocio") -> 1 | F10: =COUNTIFS(Intervenciones!$B$5:$B$38,"P2R-06 · Programación estable y optimizada",Intervenciones!$D$5:$D$38,"Automatización") -> 3 | G10: =COUNTIFS(Intervenciones!$B$5:$B$38,"P2R-06 · Programación estable y optimizada",Intervenciones!$D$5:$D$38,"Agente") -> 1 | H10: =COUNTIFS(Intervenciones!$B$5:$B$38,"P2R-06 · Programación estable y optimizada",Intervenciones!$D$5:$D$38,"Consulta") -> 0 | I10: =_xlfn.MINIFS(Intervenciones!$N$5:$N$38,Intervenciones!$B$5:$B$38,"P2R-06 · Programación estable y optimizada") -> 46398 | J10: =_xlfn.MAXIFS(Intervenciones!$O$5:$O$38,Intervenciones!$B$5:$B$38,"P2R-06 · Programación estable y optimizada") -> 47109
A11: P2R-07 | B11: Liberación controlada | C11: HT-P2R-10 | D11: =COUNTIF(Intervenciones!$B$5:$B$38,"P2R-07 · Liberación controlada") -> 3 | E11: =COUNTIFS(Intervenciones!$B$5:$B$38,"P2R-07 · Liberación controlada",Intervenciones!$D$5:$D$38,"Negocio") -> 1 | F11: =COUNTIFS(Intervenciones!$B$5:$B$38,"P2R-07 · Liberación controlada",Intervenciones!$D$5:$D$38,"Automatización") -> 2 | G11: =COUNTIFS(Intervenciones!$B$5:$B$38,"P2R-07 · Liberación controlada",Intervenciones!$D$5:$D$38,"Agente") -> 0 | H11: =COUNTIFS(Intervenciones!$B$5:$B$38,"P2R-07 · Liberación controlada",Intervenciones!$D$5:$D$38,"Consulta") -> 0 | I11: =_xlfn.MINIFS(Intervenciones!$N$5:$N$38,Intervenciones!$B$5:$B$38,"P2R-07 · Liberación controlada") -> 46664 | J11: =_xlfn.MAXIFS(Intervenciones!$O$5:$O$38,Intervenciones!$B$5:$B$38,"P2R-07 · Liberación controlada") -> 46871
A12: P2R-08 | B12: Control del servicio y mejora continua | C12: HT-P2R-11, HT-P2R-12 | D12: =COUNTIF(Intervenciones!$B$5:$B$38,"P2R-08 · Control del servicio y mejora continua") -> 5 | E12: =COUNTIFS(Intervenciones!$B$5:$B$38,"P2R-08 · Control del servicio y mejora continua",Intervenciones!$D$5:$D$38,"Negocio") -> 2 | F12: =COUNTIFS(Intervenciones!$B$5:$B$38,"P2R-08 · Control del servicio y mejora continua",Intervenciones!$D$5:$D$38,"Automatización") -> 2 | G12: =COUNTIFS(Intervenciones!$B$5:$B$38,"P2R-08 · Control del servicio y mejora continua",Intervenciones!$D$5:$D$38,"Agente") -> 1 | H12: =COUNTIFS(Intervenciones!$B$5:$B$38,"P2R-08 · Control del servicio y mejora continua",Intervenciones!$D$5:$D$38,"Consulta") -> 0 | I12: =_xlfn.MINIFS(Intervenciones!$N$5:$N$38,Intervenciones!$B$5:$B$38,"P2R-08 · Control del servicio y mejora continua") -> 46664 | J12: =_xlfn.MAXIFS(Intervenciones!$O$5:$O$38,Intervenciones!$B$5:$B$38,"P2R-08 · Control del servicio y mejora continua") -> 47109
A13: Total | D13: =SUM(D5:D12) -> 34 | E13: =SUM(E5:E12) -> 14 | F13: =SUM(F5:F12) -> 13 | G13: =SUM(G5:G12) -> 6 | H13: =SUM(H5:H12) -> 1

Sheet Cajas del flujo
A1: Cajas del flujo as-is de MGT que cambian
A2: Lo que el to-be pintará en cada caja. «Nueva tarea» son tareas que añade una intervención.
A4: Fase | B4: Caja | C4: Nº intervenciones | D4: Intervenciones y qué le pasa
A5: Demanda y previsión | B5: Pedido intercompany del próximo ciclo | C5: =SUMPRODUCT(--ISNUMBER(SEARCH(B5&" → ",Intervenciones!$H$5:$H$38))) -> 0
A6: Demanda y previsión | B6: Encajar la urgencia según la prioridad de Ondupack | C6: =SUMPRODUCT(--ISNUMBER(SEARCH(B6&" → ",Intervenciones!$H$5:$H$38))) -> 0
A7: Demanda y previsión | B7: Pedido de cliente externo | C7: =SUMPRODUCT(--ISNUMBER(SEARCH(B7&" → ",Intervenciones!$H$5:$H$38))) -> 0
A8: Demanda y previsión | B8: Revisar capacidad para la fecha pedida | C8: =SUMPRODUCT(--ISNUMBER(SEARCH(B8&" → ",Intervenciones!$H$5:$H$38))) -> 2 | D8: Propuesta de fecha con la capacidad libre del ciclo (Automatización) → La hace el sistema Copiloto de plazos para Comercial (Consulta) → Se simplifica
A9: S&OP y Plan Maestro | B9: Ciclo de producción de las 4 calidades | C9: =SUMPRODUCT(--ISNUMBER(SEARCH(B9&" → ",Intervenciones!$H$5:$H$38))) -> 2 | D9: Previsión del ciclo cargada en GIO (Automatización) → Se simplifica Agente de escenarios de ciclo (Agente) → Se simplifica
A10: S&OP y Plan Maestro | B10: Duración por calidad (temporales) | C10: =SUMPRODUCT(--ISNUMBER(SEARCH(B10&" → ",Intervenciones!$H$5:$H$38))) -> 1 | D10: Propuesta de duración de los ciclos por calidad (Automatización) → La hace el sistema
A11: S&OP y Plan Maestro | B11: Carga a capacidad infinita · 3 turnos a velocidad máxima | C11: =SUMPRODUCT(--ISNUMBER(SEARCH(B11&" → ",Intervenciones!$H$5:$H$38))) -> 1 | D11: Carga a capacidad finita por ciclo (Automatización) → Se simplifica
A12: S&OP y Plan Maestro | B12: ¿Pedidos sin capacidad para su fecha? | C12: =SUMPRODUCT(--ISNUMBER(SEARCH(B12&" → ",Intervenciones!$H$5:$H$38))) -> 1 | D12: Carga a capacidad finita por ciclo (Automatización) → La hace el sistema
A13: S&OP y Plan Maestro | B13: Revisar con Comercial y avisar al cliente | C13: =SUMPRODUCT(--ISNUMBER(SEARCH(B13&" → ",Intervenciones!$H$5:$H$38))) -> 0
A14: Necesidades y Aprovisionamiento | B14: Propuesta de fabricación de PT por pedido | C14: =SUMPRODUCT(--ISNUMBER(SEARCH(B14&" → ",Intervenciones!$H$5:$H$38))) -> 1 | D14: Reposición automática por mínimo y máximo (Automatización) → Se simplifica
A15: Necesidades y Aprovisionamiento | B15: Bobina madre por gramaje y calidad | C15: =SUMPRODUCT(--ISNUMBER(SEARCH(B15&" → ",Intervenciones!$H$5:$H$38))) -> 0
A16: Necesidades y Aprovisionamiento | B16: MRP de auxiliares en SAP | C16: =SUMPRODUCT(--ISNUMBER(SEARCH(B16&" → ",Intervenciones!$H$5:$H$38))) -> 0
A17: Necesidades y Aprovisionamiento | B17: MRP de materias primas en Excel | C17: =SUMPRODUCT(--ISNUMBER(SEARCH(B17&" → ",Intervenciones!$H$5:$H$38))) -> 1 | D17: MRP de materias primas en SAP (Automatización) → La hace el sistema
A18: Necesidades y Aprovisionamiento | B18: Solicitud de compra y pedido | C18: =SUMPRODUCT(--ISNUMBER(SEARCH(B18&" → ",Intervenciones!$H$5:$H$38))) -> 1 | D18: Agente de compras de materiales (Agente) → Se simplifica
A19: Programación | B19: Algoritmo de combinación por ciclos | C19: =SUMPRODUCT(--ISNUMBER(SEARCH(B19&" → ",Intervenciones!$H$5:$H$38))) -> 2 | D19: Cierre de SIGPA (algoritmo de combinación) (Automatización) → Se simplifica Algoritmo con lo ya fabricado y fecha límite de cartera (Automatización) → Se simplifica
A20: Programación | B20: Agrupar por calidad y ancho | C20: =SUMPRODUCT(--ISNUMBER(SEARCH(B20&" → ",Intervenciones!$H$5:$H$38))) -> 1 | D20: Algoritmo con lo ya fabricado y fecha límite de cartera (Automatización) → Desaparece
A21: Programación | B21: ¿Entra una urgencia? | C21: =SUMPRODUCT(--ISNUMBER(SEARCH(B21&" → ",Intervenciones!$H$5:$H$38))) -> 0
A22: Programación | B22: Encajar la urgencia a mano | C22: =SUMPRODUCT(--ISNUMBER(SEARCH(B22&" → ",Intervenciones!$H$5:$H$38))) -> 2 | D22: Alertas de planificación (Automatización) → Se simplifica Agente de urgencias (Agente) → Se simplifica
A23: Liberación | B23: Comprobar a mano que hay material | C23: =SUMPRODUCT(--ISNUMBER(SEARCH(B23&" → ",Intervenciones!$H$5:$H$38))) -> 1 | D23: Disponibilidad de material por orden (Automatización) → La hace el sistema
A24: Liberación | B24: ¿Material disponible? | C24: =SUMPRODUCT(--ISNUMBER(SEARCH(B24&" → ",Intervenciones!$H$5:$H$38))) -> 1 | D24: Disponibilidad de material por orden (Automatización) → La hace el sistema
A25: Liberación | B25: Liberar e imprimir la orden | C25: =SUMPRODUCT(--ISNUMBER(SEARCH(B25&" → ",Intervenciones!$H$5:$H$38))) -> 1 | D25: Orden digital a producción (Automatización) → Se simplifica
A26: Liberación | B26: Seguir la llegada del material | C26: =SUMPRODUCT(--ISNUMBER(SEARCH(B26&" → ",Intervenciones!$H$5:$H$38))) -> 1 | D26: Disponibilidad de material por orden (Automatización) → Se simplifica
A27: Seguimiento y Control | B27: Revisar incidencias por llamada | C27: =SUMPRODUCT(--ISNUMBER(SEARCH(B27&" → ",Intervenciones!$H$5:$H$38))) -> 1 | D27: Cuadro de mando de servicio (Automatización) → La hace el sistema
A28: Seguimiento y Control | B28: Enviar el stock a Ondupack cada día | C28: =SUMPRODUCT(--ISNUMBER(SEARCH(B28&" → ",Intervenciones!$H$5:$H$38))) -> 1 | D28: Visibilidad de stock y cargas para Ondupack (Automatización) → Desaparece
A29: Seguimiento y Control | B29: Ondupack decide qué se carga al día siguiente | C29: =SUMPRODUCT(--ISNUMBER(SEARCH(B29&" → ",Intervenciones!$H$5:$H$38))) -> 2 | D29: Visibilidad de stock y cargas para Ondupack (Automatización) → Se simplifica Agente de coordinación de cargas con Ondupack (Agente) → Se simplifica
A30: Seguimiento y Control | B30: Cierre manual del pedido | C30: =SUMPRODUCT(--ISNUMBER(SEARCH(B30&" → ",Intervenciones!$H$5:$H$38))) -> 0
A31: Demanda y previsión (nueva) | B31: Previsión del próximo ciclo | C31: =SUMPRODUCT(--ISNUMBER(SEARCH(B31&" → ",Intervenciones!$H$5:$H$38))) -> 2 | D31: Previsión del ciclo cargada en GIO (Automatización) → Nueva tarea Agente de previsión por calidad y ancho (Agente) → Se simplifica
A32: S&OP y Plan Maestro (nueva) | B32: Revisión mensual del stock intercompany | C32: =SUMPRODUCT(--ISNUMBER(SEARCH(B32&" → ",Intervenciones!$H$5:$H$38))) -> 1 | D32: Agente de stock intercompany (Agente) → Nueva tarea
